x,y,z
-1.675418,-3.5615559,0.18182409
3.9806037,-10.353451,11.056458
15.788295,-6.8117747,3.9053373
11.759729,-8.110737,4.8598504
8.843137,-11.952792,0.86216575
7.3055677,-16.994574,-0.70344496
9.675098,-12.044906,-3.5776772
4.127262,-10.942173,10.9320345
4.964721,-14.015974,0.9426578
-1.0609713,3.4001706,3.5245376
6.0445843,-12.920371,11.076744
8.211881,-8.118709,10.136472
5.0318255,-12.130265,14.159975
5.489174,-18.954689,-0.17521298
-1.4778969,-12.940518,6.3666964
5.4278436,-14.035818,9.27474
3.8620446,-12.717836,11.832114
6.8262043,-18.704977,-0.6972272
10.364268,-11.496727,0.98621804
10.18919,-6.978775,2.2087638
6.4146705,-5.9306993,4.1180577
6.2614493,-15.78255,2.8195508
6.9766803,-20.077936,-0.327451
3.2663472,-11.252553,9.012962
6.1996512,6.740231,-7.5263076
5.3469067,-11.021107,6.482675
5.3826375,9.007473,-2.0934732
11.759209,2.5420134,1.7214501
-2.2372007,4.1424546,0.753406
8.398393,-1.1570073,5.0407596
6.2356296,-9.838074,10.740733
6.3420916,-12.631566,9.704384
8.615511,-11.079297,11.364354
4.781021,-11.354983,14.019193
5.7472477,-10.822222,10.8042965
6.519138,18.536356,0.40542206
-1.8632251,-0.5624435,-4.9301915
-12.742138,12.649758,-0.69214207
7.3586516,-10.064375,7.9707108
5.502422,-11.582904,14.009197
6.3903418,-8.898396,9.480487
2.2262862,13.102167,-2.8038123
2.540215,-12.2117815,7.713838
4.14962,1.8573571,0.7580716
6.399988,0.64903295,2.3359895
5.489423,-17.931526,1.8734912
-0.1933587,6.1189227,2.032619
5.5318885,-12.03604,11.78372
3.684395,-12.8626585,12.513876
10.003381,-19.296532,-1.4111468
-8.586056,10.235918,3.4907515
5.0328007,-11.090087,-4.8354096
7.859482,-9.983237,11.646469
6.8533416,-7.347484,11.016734
7.95506,-10.810709,10.951112
6.137028,-7.134318,10.850895
3.0708048,-9.352666,8.542468
11.860176,3.0351458,0.9665254
-3.798319,9.615363,-6.995731
-0.07316629,6.102375,1.6950678
5.730445,-9.254045,11.459211
5.4800367,-11.512479,13.188182
0.49623933,10.032338,-6.044411
5.922851,-12.786321,11.83114
2.5894957,-11.223694,9.41096
6.0626426,-7.479174,10.832186
11.119494,-11.672335,0.9899961
3.3102593,-23.890224,-0.4449036
3.010449,-7.121114,2.7408283
6.4408255,-12.374461,10.99389
10.039926,-19.417145,-1.529126
11.62603,-7.4314933,4.896903
9.438151,2.040173,3.5173507
9.51585,-14.889012,1.8799888
5.693699,-19.159695,-0.12012238
-6.503223,8.195856,-1.7783248
2.8896613,11.519135,-4.906171
10.173596,6.4424047,-2.9024205
11.632265,-7.8593516,5.1236086
4.1856103,14.210337,-3.5103092
2.0855324,-5.5772,2.6301928
-3.3430326,0.018024193,15.781384
4.8812966,-1.500586,2.646942
6.279476,-10.148544,12.560014
7.8921843,-9.368296,11.083003
-19.768559,3.2756965,-11.723854
7.324034,-10.343694,13.198295
3.5026135,-13.156771,12.864945
14.018065,-5.958373,1.7745326
4.946406,-7.17433,2.071866
3.9066265,-11.324889,8.504113
7.6990585,-8.515013,4.688591
7.007248,-15.389172,-6.613761
-1.659731,5.7419977,-3.0243025
11.763504,2.6137931,3.5533226
4.9859667,-17.770866,1.9979272
11.773443,-12.257922,0.25947484
-0.3831605,-13.634299,0.6214284
2.5428889,-12.575541,8.191456
9.803408,-12.044164,-3.6887977
4.031075,2.1591105,2.9860857
-4.425209,5.8385353,1.3708252
8.109243,-11.722551,9.411375
-3.5119562,9.626797,-7.2832394
6.7889276,-11.038134,9.695984
12.178609,-3.1340594,0.6520679
1.3263605,12.70361,-6.5272794
15.493868,-5.667269,2.6082902
1.4915549,10.6769705,-7.374248
2.2282686,-12.635002,9.439908
4.294887,-19.456524,-2.2447176
7.4868245,-10.333329,9.128362
8.648799,-18.081322,2.865524
7.7868557,-8.490029,11.90804
7.01811,4.801439,7.796987
11.475346,3.1675825,-3.5356607
0.3706839,-11.607566,8.2805605
3.3823817,-12.014077,10.297321
2.7630563,-12.433399,11.857104
0.5845452,-11.589435,8.372508
5.610057,-12.46157,11.4404955
8.147358,-11.470955,8.831599
-2.0459888,6.82224,-1.0680004
11.508207,3.2985618,2.062264
3.639601,-14.149118,9.450448
3.17061,-8.612887,6.3893805
7.9872355,-9.505644,11.243343
11.125607,6.157272,-1.5020424
-5.9550967,11.083422,-5.5862556
1.6369576,-13.654746,7.24543
6.385818,-12.462093,8.739251
1.6121219,-12.374469,7.750081
9.9511,-5.4175277,2.2631326
-10.258376,9.217306,3.5462615
5.6930265,-12.840859,1.0560786
5.296923,-9.968632,11.861775
6.7860613,-11.1780205,12.378879
0.0021186264,-16.318222,1.4874562
3.6098013,-12.790737,12.042957
7.268675,-10.075557,8.115285
2.6512358,-13.970322,5.7657795
9.947947,-20.384443,-2.5202217
3.9063606,-11.612005,8.344942
6.3662825,-11.360545,14.450622
8.4069805,-11.531144,8.635989
6.085001,-13.299764,9.712834
2.1162593,-11.49687,8.102344
7.1694245,-12.167429,0.4085413
10.84198,-9.155838,1.1798736
8.401306,-9.577062,11.973381
-12.764457,12.620004,0.33339167
4.484448,-13.742237,10.038578
6.012192,-11.44078,10.959048
9.263807,-11.71735,0.820027
0.9139075,7.9165134,-7.6858788
7.404945,-15.362982,1.6792375
1.8260092,7.375674,-6.841436
5.944291,-9.688648,11.243398
6.515729,6.769588,-7.7358804
10.388015,-12.531431,4.085826
18.076567,-6.6975,3.495142
7.425491,-12.547681,8.867584
7.889827,-8.42402,4.771769
11.765841,2.4958363,4.3454537
-1.2257897,6.5428133,0.059249848
6.283733,-13.633728,10.319731
4.693359,-13.516111,11.441037
-5.250671,0.80180854,17.15498
-6.623512,3.2715375,0.59626585
11.988718,-7.335026,0.434522
7.120441,-10.680014,10.688596
0.251121,-9.819069,3.820385
4.351267,-21.675823,-1.6966097
6.744387,-10.352329,12.680974
13.589903,-5.436288,0.2004579
5.4630284,-12.379987,9.286659
3.168591,-8.991353,6.766701
7.0983124,-1.4723676,0.19780509
6.027775,2.3768857,-8.594743
4.296798,2.437546,2.504423
4.1729817,-19.780592,-2.5449123
4.500443,-11.3334875,13.94493
12.032444,-2.811665,1.772085
-9.423464,9.045529,4.5913625
-4.0854945,6.4369364,4.787262
1.3062788,11.469057,-6.8519545
8.028524,-8.489098,10.432141
5.4348392,-11.444765,13.99974
8.621496,5.4194913,-2.070566
7.930598,-11.682954,10.417645
-0.8849117,4.0556784,-1.7649146
1.8537922,-10.682175,1.0565289
1.6992042,10.059226,-3.2111359
-5.065965,5.6667295,-4.231401
-0.8013374,8.217959,3.1331515
-2.922683,-7.5405526,0.1068094
-3.4417164,4.567056,0.633035
0.8707882,-0.7134926,0.6512578
1.6413907,2.034818,-3.443023
-1.7589967,-7.4306703,0.5592187
3.8153822,-1.5396706,-1.6497984
4.962767,-4.5442185,3.4641984
-0.6338474,-21.634756,0.93127376
6.8085847,3.9414296,-1.0529656
5.002701,5.4111543,-1.4909108
-2.7743094,7.715534,-2.080212
5.8523474,-10.702868,0.54906386
0.027128855,-12.291234,0.69701236
9.583362,11.291594,-0.53001463
6.787194,-6.3377385,1.3888932
-5.927648,-2.8870544,5.019621
-1.0933964,4.0236826,-2.0579572
-5.4734907,-4.102627,6.6490016
-11.781916,-0.7251592,-4.376431
-7.4129415,5.9026217,-8.5717945
-2.0109487,0.5720446,2.0908027
-3.2248807,6.0351863,1.7527436
-12.31611,11.769551,-1.1838145
7.0902567,-16.729828,-1.2983029
7.215998,-19.4189,-2.2510233
0.42901272,-21.76674,-1.4991864
-5.011498,-3.6997573,4.1332464
5.929141,-4.559139,1.6159977
2.5031543,1.6054224,-4.3004913
4.2042556,-20.01623,-5.6567726
-5.0878935,18.80689,4.1088986
7.0140004,-18.187634,-2.40174
-4.728074,8.0790205,-4.465071
2.017904,6.603653,-2.656535
-5.837301,2.6151764,-2.0235004
4.149157,2.3793612,1.2517214
5.124735,-19.770786,-0.53550136
-4.2297726,-8.176653,-0.23043627
-3.669185,-3.0197353,3.8133385
-5.4040117,-9.593062,-1.9056773
2.5811133,-18.243616,-3.907433
12.167601,-4.5036125,7.103649
-4.0068517,18.226309,0.98460174
0.51851404,-22.16064,1.4322716
6.928834,-19.607237,-2.064303
-7.232507,-0.73409224,-2.837359
-3.8192134,10.374492,-2.9795866
-2.8080754,-3.3789356,4.4495244
-10.051587,10.284169,3.3551676
-2.3964794,-3.3862834,1.7033176
1.5954684,-14.921575,5.6056123
7.1606436,-16.087177,-0.12628132
4.816233,-20.669954,-2.5955865
-4.842284,8.275777,-2.3187783
2.9127667,-22.122416,0.25569218
-8.415655,-4.1310754,-2.8725822
4.1452155,-14.956864,-3.272697
2.3899524,2.6497831,-9.516367
-3.4681358,-6.8650312,4.92832
-1.5850613,8.556626,-4.2987585
4.0497603,-20.43646,0.39545333
-2.2416062,-1.4050354,0.5082672
-5.9889107,3.4749887,3.2203813
4.175588,-2.2367587,6.2611713
-2.7513158,-14.633543,1.0677414
5.8677135,1.2248178,-1.4140378
-4.1577463,-6.579807,5.6829953
-14.161615,7.9098086,-3.5023887
4.089771,-8.240252,1.5050434
0.6423159,-12.557834,-2.2892332
-1.7722243,1.4936525,-0.32462662
-2.026769,6.5679913,-0.16537869
6.7390513,-15.6292095,-0.24526112
-3.7710185,-1.2657863,-2.0211225
2.2797153,2.3221712,-3.7444289
-3.025257,-3.8475993,5.432368
6.777812,-19.214909,-1.0421978
3.465942,1.0763655,-0.86027175
-4.2991652,8.11438,-1.8451848
8.672778,-11.829388,-1.6559732
14.522859,-7.506934,0.10893398
4.6562743,-7.722614,1.810902
-3.7414882,-3.507251,0.09699386
0.3310338,-2.0092149,6.187944
-2.5328918,3.7345147,-2.9504004
-2.734751,8.064072,-5.5097275
6.2676916,-4.218162,1.7116156
8.208618,-5.7761197,3.3008926
-5.8332314,3.5518613,2.8520622
1.3579764,-14.597452,1.1934656
-4.817927,-1.3598094,4.1200223
4.9198995,-20.137457,-0.8252377
-4.3557115,2.4733307,12.301524
1.5692534,8.670793,-2.5097477
6.9361424,-11.80422,-6.1323295
-3.5117009,-1.2704327,-1.7123542
4.639124,-5.5196075,0.39532444
7.497986,-13.126878,-2.840934
-3.1864858,-1.8870356,11.9228325
-0.08028934,-12.835099,1.0968035
4.789926,-22.905096,0.91699964
5.8108044,-21.039867,-4.373543
8.633848,-18.743563,-0.37887645
-3.7254472,1.3649765,1.5274229
-6.088955,-9.495814,1.772853
1.760422,-20.932177,-1.6525536
-0.7576733,-6.2611656,-2.1203804
13.427046,-4.4631224,1.5772771
-4.2762094,9.229853,0.7292209
-5.9200153,1.3205017,17.051876
10.224088,-1.0490644,-4.367216
7.2981796,-6.6203303,0.89537495
10.111195,-1.9022543,-5.7356343
5.57032,0.08876706,8.913488
-4.571859,0.22915606,17.580988
-4.0651364,2.858221,-8.707713
6.6307497,-14.385349,-3.383256
-5.0694356,-6.741362,-0.7607042
9.590882,-1.448783,-2.5806417
9.378887,-10.737049,2.9288125
8.108888,-2.2972813,4.2464104
5.776952,-12.360256,1.1356496
-3.970226,1.3591765,16.98861
9.549426,0.5039138,-2.4871688
4.449686,-19.876045,-5.5248985
5.4287114,-16.099762,-4.6422734
-3.414121,-6.2896066,5.3654175
2.4554074,-17.881042,2.5024848
5.5898223,-7.780677,-1.5956086
7.253886,-16.410915,6.2147818
6.9132266,0.99625444,-1.41055
2.7238898,-9.064958,7.660236
1.8026963,11.510563,0.26667014
1.8442705,-24.784119,1.4155751
-1.687819,-10.218886,6.676253
5.441983,-17.427198,-1.8227186
-10.065314,7.7648964,3.7142982
1.1313856,-22.530703,-1.2627398
2.7491677,-14.332913,-2.291729
0.20284079,2.2360954,0.27894872
-0.6834107,-10.68557,7.384877
-4.2319016,-6.33497,5.9214954
-4.0955515,-8.504222,1.1604749
3.0031774,-4.7297463,0.7745951
6.208092,12.711963,-3.2910037
6.762076,-7.1318088,10.48302
-1.0362164,-7.3062363,5.189399
1.9043906,13.532053,-5.6279745
-11.540916,11.170486,-3.3030891
-5.99429,1.1712661,5.73615
1.3587781,13.490475,-3.0836866
3.621561,3.274805,4.177666
1.2355878,-16.944704,0.85246664
-1.7134522,-7.838705,4.5688057
1.6705599,-8.396189,-1.5474397
2.277673,-2.2357004,3.8785388
-4.9320483,9.316746,-2.7089152
2.5834873,-1.2453818,0.75123686
2.9463987,-22.403587,-0.98885965
-14.597413,13.396199,-1.5503387
1.7048513,13.320826,-5.7344904
1.8429266,8.286186,-0.13682678
-0.029720986,-10.410878,-4.254159
10.32638,4.2614303,-2.657612
2.7308455,-11.035454,0.052229855
4.3510656,-23.694656,-2.222842
6.5418096,-1.5235094,8.451957
7.662887,5.5584197,5.5443296
5.6360025,11.153105,-4.8526473
1.5262655,-19.55569,-0.35126877
2.7305558,-14.569995,-2.3556516
9.311931,6.526798,-3.6626961
-4.639618,-6.955321,5.868967
-11.4363165,8.214668,2.8855646
-11.224236,9.375878,3.9621458
-7.836324,2.8331187,4.3309364
9.961739,3.7424316,-2.7548554
-15.115417,6.850979,-15.996439
4.2285995,3.2814472,-0.50468
-6.985287,-3.9146748,5.4026456
-3.5340855,0.4791414,17.926132
-1.1804833,-11.905499,1.411594
-2.7587526,-12.644185,1.5810559
-2.1816835,2.43485,-1.8764465
2.4282024,-13.004193,4.4414954
1.9762808,-22.637148,-3.0519276
9.670888,-1.562388,7.2356234
1.3185973,-2.3857439,6.3946857
-6.889173,-3.1365252,0.30797353
8.791901,3.2167325,-4.346424
9.173906,0.02488408,7.1982327
-2.3943164,-7.9556284,-5.3053746
8.843607,-17.2963,-1.8329226
-0.16028173,-0.9049391,6.6060085
10.565104,-1.1431218,4.4008465
-1.4050771,-13.033956,2.3741708
4.990372,9.693556,-1.3572706
-2.6798527,-9.143806,-6.383974
-2.7498393,-11.907827,2.1452277
9.7450695,1.2093618,3.9097974
5.61468,3.0337243,-1.478252
11.726385,0.15786707,3.3488858
12.110033,-5.583357,1.5994495
9.354502,-0.2409571,7.008867
8.933437,-3.8555536,-4.433525
1.6145927,4.909691,1.2750641
1.7633266,-22.797817,-2.2115428
9.12713,-0.37828547,7.011322
3.290976,-20.106892,1.693574
1.7814829,11.445469,0.17408283
-2.5080283,0.16047539,15.194261
1.5181357,-6.6872063,-5.1747994
7.529598,-2.003424,8.345405
7.514583,-17.476564,-4.133944
9.441011,-1.1090746,7.2000413
5.948558,-18.047482,-5.3935704
-2.911351,-11.700614,1.871938
-0.20433334,-9.883738,5.4221096
1.8297306,-7.7199235,-4.807794
9.282597,0.08667703,4.8220124
5.8702517,-15.363457,-4.00637
-11.489313,-0.9943026,1.0165329
-1.6119246,2.620329,3.3762107
-2.7745705,-12.045275,2.0488307
-0.099310756,1.3792264,13.411908
10.01022,-1.5346522,-2.4154727
10.28308,-0.5424975,4.1970763
9.514565,-13.117317,-5.014089
8.831241,1.1031917,7.074187
11.094137,-0.47854376,2.4326417
4.7263656,8.146266,0.037612572
-3.1346295,4.338643,4.6331635
3.805906,0.0065674633,-8.795852
-8.053457,8.345248,3.9794095
7.556063,2.107539,-2.4272
-2.9883647,-1.969359,18.517954
2.473266,13.440715,-2.572107
7.666645,3.8471107,-1.9805392
2.4640663,15.435184,-4.5383897
5.0451336,2.3632975,10.711487
-7.979812,8.82964,3.475625
5.4038615,0.610535,7.99048
-2.664025,3.466706,-5.9652233
7.95348,9.571948,-3.382407
6.9411497,5.157352,-5.9880195
2.3222857,0.54468244,3.72831
-4.889428,3.0125184,10.013661
-3.0782893,-8.569872,5.9414773
-5.538889,11.333234,-1.0767258
0.5185497,-19.494516,0.4163797
-5.8214726,6.05215,2.7449064
0.41378862,2.0495634,4.896518
0.22521226,2.3470562,5.0640316
5.3984284,-16.550055,-1.810722
3.1217704,-2.8194346,2.2148628
-10.832641,13.837273,-2.3999207
-5.8020625,3.8012416,4.006573
9.067414,-3.2506163,2.3028848
3.588458,4.241883,3.9601088
-1.8886648,6.3564887,-5.729288
5.345404,3.8490956,3.9803479
-2.4451742,-2.8322897,2.7709544
-2.663971,1.7472135,17.04072
5.774541,2.9068513,3.1067991
3.3270497,3.3412676,3.9542558
8.524009,-10.422946,-0.47275165
7.5852537,-19.132288,3.2466245
-4.381187,-1.4182011,18.362434
2.938548,-2.6836483,2.60275
0.2539946,4.1081767,-8.335074
5.3745146,2.9919176,2.6278126
0.86604434,-10.667526,1.0366672
-4.5343475,0.20986094,13.28189
2.3080792,15.20941,-3.9744582
-1.1194276,7.625881,1.3439451
0.90354335,-17.601313,2.9870458
-6.109165,7.316812,-4.672247
-6.6265616,1.5577481,5.280365
9.243021,-1.8250623,1.4053221
8.730144,-20.484709,-1.6095334
-3.9910054,-0.5542163,17.144785
5.289858,3.8020067,3.9896324
1.6263493,7.7005568,0.35433334
0.59467876,-0.11263329,1.840871
-11.57938,12.112611,-0.5837549
2.4227874,4.5933714,3.458899
-1.0926156,1.2047402,14.183654
-12.636779,14.2861595,-4.035091
-4.1552706,2.0043256,14.362671
3.5466237,5.5768914,0.4404774
0.12587933,-1.0474163,2.593326
1.8001074,7.2285557,1.2995145
-1.6148795,-2.331566,2.908438
4.908661,6.1319795,1.7562848
-0.71869737,3.357302,2.6793828
3.7325974,5.7300754,0.16622712
4.0354705,5.5714903,0.6135728
6.292373,1.6936432,3.0067081
-5.437126,14.320667,-0.051400457
-2.9470842,1.8010991,17.042717
9.237015,-17.86295,3.3726165
-2.9828568,-8.21424,7.2455444
6.193241,-14.074651,-2.5068398
0.2841941,1.2250522,3.4085112
12.949141,3.430504,2.822732
5.8765097,-13.078857,-2.8216898
4.460258,-4.329459,7.0517764
-0.095889814,2.5444462,4.8736873
-0.5212652,-0.068062656,3.632341
4.4902253,12.730325,-5.114573
0.30573326,0.95677733,3.3746126
-2.6571183,-11.715708,5.2362986
-5.6029286,11.246603,-1.074587
-3.44951,-7.7460876,6.228807
2.3687015,9.685043,-8.345405
4.352099,-19.744324,-5.493763
-10.384431,12.173823,-1.1681553
7.590959,-1.754499,6.5486355
-4.7566934,0.9313376,-5.632143
6.168443,-19.21569,-3.0100567
5.689558,-16.154062,-3.870223
8.506793,-17.634504,2.1503527
4.571681,-15.758456,-4.2581086
-0.62523127,11.799719,2.3587494
5.370575,-17.735165,-3.3671784
4.0454273,15.636009,1.7830045
9.169142,-0.079819754,-2.7995515
7.9317064,-10.211945,-5.3011475
-3.524751,11.813063,-3.2443388
4.435294,-2.5406115,-5.727413
-4.495424,13.236987,5.289902
3.643544,-1.7141411,1.9660263
4.3721633,-15.330352,-3.678541
11.05749,6.1006274,-3.2399259
3.9393163,1.5995169,-6.1534863
4.8800745,-15.216653,-1.9540163
7.0449395,-3.575174,-2.698752
8.674732,0.5436673,-2.7738476
0.8489656,-0.013645875,-1.5173423
8.768262,3.0402067,-1.7841829
-5.010786,-5.030919,-3.450911
0.19630584,9.462554,2.8748186
-7.5649195,8.8490505,-0.30113947
7.427225,-4.6475005,0.17145665
5.1409574,3.862952,-8.44623
9.3679905,-2.3825498,-0.40073967
11.783685,2.8687556,2.367352
6.2397285,-1.9018111,-2.6736135
7.6734447,-14.302958,-2.4674447
8.764378,-14.7767105,-4.3552384
6.5289655,-3.3476374,-2.6006896
5.455243,-12.837258,-0.6382336
-1.5390604,0.11086634,13.73873
10.157426,5.6215477,-2.5933454
-5.252171,10.478216,-6.8756113
2.356098,-20.449734,-2.6741674
1.3891083,-4.8648562,3.031724
-13.02986,-1.2335578,-4.2374244
6.9536734,-5.2197247,-2.3183064
-5.322751,-5.1660304,-3.053761
-1.2789949,-22.169443,0.7024318
-12.555306,13.290879,-0.5366407
-6.1840816,8.069468,-2.6292753
-9.294294,9.012434,4.3628917
0.9625428,13.132599,-5.4906363
4.698692,-16.751247,-4.5840173
6.2274737,-2.7058277,-2.5824363
2.4390292,-21.781034,-3.4461358
7.405518,-0.80191004,-3.6220424
8.911722,1.1439952,7.170418
-7.9715457,-2.8574812,1.0169338
5.215818,-13.873376,0.6390474
6.9897943,-1.5553641,-3.0726736
-5.165833,1.3264551,17.489168
-7.925467,-6.516269,-4.8725953
-3.0392792,11.944681,-3.5786908
-4.2991414,-11.153218,0.7549614
7.316332,8.113174,0.68087673
-10.022554,10.034971,2.1146636
10.508753,-3.8524637,0.21786274
7.0644913,4.286763,2.1154733
-8.198226,9.304471,2.7040782
-5.825221,-2.9892676,-1.2317759
2.2432764,-7.617351,-0.17400336
5.5663056,0.03812417,-0.23520054
7.678774,1.8131077,-2.3471594
9.193188,-3.3984473,-1.5932488
-11.602176,6.277539,-2.8866765
7.458874,-7.6431503,0.4295894
8.355911,-3.801145,-4.3397107
-5.88755,-5.103468,-2.6986477
2.4241998,-20.396877,-2.8949642
8.412179,2.2036505,-3.0944707
6.982438,-5.1815248,-2.2318015
3.7215314,-18.921375,0.7783321
-4.337664,-3.3366706,0.66209894
-12.151287,13.39527,-1.3268757
2.2474422,0.7053863,3.8356805
1.0119767,-4.5346446,3.401742
2.8931966,-19.296291,-4.048532
10.2267,-8.423199,2.4448898
7.348106,-0.64181626,-3.6979992
4.3408017,-11.31028,-5.2464056
-2.9794073,-3.5759764,-3.4287775
4.966792,-6.4288883,2.4021158
9.839911,-14.381021,-1.8235528
4.383876,-18.845581,2.4637148
7.0573096,4.180044,-1.3826551
-7.0140343,4.159416,1.0681946
-1.9589229,-14.638837,2.233607
2.0896401,-23.815386,1.2507106
-9.481277,6.9534893,2.8719766
-0.3532155,-19.969067,3.007414
3.221582,-16.987055,2.9412904
3.914023,-22.607077,2.6306143
-0.88710445,-19.822012,2.393946
-3.2531552,2.0868142,0.011236419
3.6677678,13.959381,-5.2635217
3.1532526,5.1621222,0.35712314
6.3943295,8.439551,-3.5338254
-0.6435843,1.6264671,2.3237119
-0.19129892,-1.5096153,6.1644707
4.949739,-20.835545,1.8240244
-2.1945786,0.44833952,14.901068
2.6663852,-18.308804,1.726411
4.0697093,11.541834,-4.0896845
7.8259616,-5.7453747,-1.2659799
0.5675875,-19.37765,1.4561608
-1.1771574,-19.345798,2.32999
6.8722405,7.9556246,-3.849264
-4.9091268,7.307026,-5.4740696
3.1828804,-11.241567,-3.649585
-4.846331,-8.468887,4.7841444
-5.803837,4.5789866,5.2375627
1.7132841,-17.92615,-1.6855594
-2.967438,3.7857718,-2.8943613
2.1159518,-19.611296,1.9063125
-0.8051048,-11.215071,-0.96277606
0.044521376,6.0842066,-3.1689925
5.3722253,7.8464437,-2.3015053
-0.84448045,2.5916474,-7.9260683
-3.0542715,2.5954108,8.7705145
1.5162232,-17.51901,0.06014466
4.3560915,-13.881251,1.7501234
1.537153,-24.212767,1.5204628
-5.104342,5.051968,3.0528843
3.454497,-0.466646,-9.479699
4.118476,12.802629,-5.0166078
0.45018864,10.372921,-0.6798383
-3.80137,-6.052343,3.5447078
4.658758,-19.890429,-0.90984344
0.053066116,-10.080584,5.1696343
3.5103352,-1.0576099,-1.0408206
1.875099,-18.372513,3.2974217
-0.95452696,1.1080655,-1.8095737
0.17299627,6.369378,-3.0439725
1.971552,-7.2320056,0.3404381
1.7824821,-24.392168,1.4045274
0.96168286,-16.86969,1.8064096
6.3683753,7.285026,-2.8540487
18.16445,-6.765619,3.5504348
2.242661,-22.010662,-0.2561615
6.301618,-18.931517,1.4374964
-3.6187937,4.3187017,3.67245
-3.2965672,1.3526824,1.1904831
-7.2809467,-0.8738079,-2.5778475
7.9294567,5.8767724,-3.2688692
-4.9308267,1.1100887,-2.1813338
10.487481,3.2030916,3.8144798
-3.4774961,-2.9387853,6.036579
3.4677875,-8.454214,2.9080722
-6.435536,2.885624,3.314878
10.2271185,1.3985354,6.748559
-0.48939064,-8.433,-0.16536362
-6.4379797,6.2225814,1.399788
-5.7477207,-2.9047916,2.9943893
-4.2643423,-2.3230019,7.477755
-4.7314563,4.7652187,-3.3972301
-2.348961,19.022598,2.1959891
7.1357074,-6.846488,0.7582867
-4.8996844,0.3419665,16.145388
5.6415358,-3.7133703,6.2317696
8.006286,-8.406854,12.230621
-0.28848556,-2.2256155,6.187906
-5.422623,-2.754155,6.1006484
-1.6714476,-2.651656,6.1997347
-2.494383,-3.649974,6.6968694
-4.3304987,-4.2155876,4.265659
5.248856,-5.7149687,1.0314199
-1.4710267,-11.314768,8.981182
-0.058132388,-6.676892,1.1353695
-5.2373734,1.4809071,-2.2699065
-1.4398496,-8.196745,0.84132206
-1.4457425,-11.3118725,8.971888
-6.1671,9.495165,1.9201503
-3.1142654,-4.509994,6.635294
-5.8011537,8.784013,1.2518883
-4.8185067,7.730889,1.8466084
-2.9491165,7.4079385,2.1008391
7.2544656,-0.8826332,5.5026064
-12.228349,8.679429,3.5661685
-3.7256913,-2.694644,-3.039174
-6.408131,-3.2960527,3.6253462
9.513076,-0.67615443,-3.3073502
2.2777216,1.5263817,8.915901
9.119519,-7.4757915,-2.373372
5.620924,0.8804932,-1.9295273
9.210301,-0.15939532,-4.0697446
-3.0622728,1.7051688,14.094338
-3.6892877,1.7491462,17.152933
10.8460865,-6.158751,-0.6349886
-4.799245,4.9044523,-3.474701
-4.776398,1.1221291,17.904125
9.425954,-17.871284,-0.77874964
3.6477897,11.815097,-0.86568934
7.5208,-16.851969,-4.239653
9.466309,-0.6562651,-2.6225185
8.602394,7.1700945,0.40135524
-0.05525473,-5.2421527,-3.4238338
8.451069,-0.93946344,-0.6644392
-1.0825893,-6.008512,-0.62521154
-6.2135377,7.4817553,-0.29364523
-4.6412187,-1.7362194,-6.9927382
-4.0486274,8.462751,-5.7594566
5.0137415,0.9249736,-6.27106
6.1594524,-19.60798,-4.563374
3.3935452,7.635664,-3.891276
11.039406,-14.995961,-3.585568
-5.695503,-4.543577,4.7465005
12.982793,-3.9568305,1.1119918
5.200857,12.487818,-4.7371674
9.043559,-2.5224323,6.046618
-11.715236,9.252935,2.9149501
8.707722,-12.921212,-0.67627263
6.7430687,-3.9295743,-4.3582816
-9.944115,3.3895068,-10.821905
-5.459175,-4.2531657,6.117064
3.52669,-18.336992,-3.0456996
-10.672598,11.222565,-0.84050196
-4.5219846,-3.6542249,5.51347
2.4827576,-1.0745544,8.495924
0.86491966,-0.8179137,-0.052873813
8.975501,4.3093863,-2.8317692
-4.0726905,-1.8952457,-2.6922626
-1.0674639,-14.193927,-0.97884536
-5.4719143,-4.807886,6.0541677
5.7028017,1.0618854,6.8759995
6.1851816,1.2794527,6.4624505
6.3441706,-16.227064,-2.409566
-12.474979,8.888807,4.2407737
-1.8976922,-5.770221,-1.1557342
0.39442733,-1.003674,5.365032
-4.308047,18.435905,0.33329946
-5.9283624,-2.9823382,3.6956809
-0.3029949,-5.0339885,2.3770354
-4.420999,-4.456308,5.390556
9.514314,1.836916,3.5090094
-4.456296,-5.159361,6.58877
6.260082,1.5729585,5.740826
-7.504738,10.380389,-2.9429042
-5.116647,-4.0339837,5.1928716
-11.735042,7.791921,1.6233991
0.6800072,-2.8278828,6.789193
-5.542802,-5.317909,6.468657
13.036213,-3.3995605,0.7346015
-5.403742,-3.7962735,5.5203123
6.695972,1.5013267,5.9732056
-3.4269521,-1.6769834,4.8919835
-1.1417758,0.44472602,14.320394
10.320975,-15.671866,-4.8362403
4.151143,-10.559649,4.4404764
8.8132,-0.7730107,5.7706676
4.722821,2.7127273,1.9790016
5.05019,2.3534322,10.705438
7.0216374,-5.4113607,5.2877884
-3.3287983,6.6121264,6.2568235
4.7989016,2.5908704,1.1764916
6.6874433,-0.50035536,1.0866992
-0.23668574,-0.11855584,1.258997
-1.618672,-5.4152484,3.7847564
10.733258,-10.067115,0.89312613
8.146089,-14.378176,-5.1079
-0.37193117,-5.2784877,3.7069395
-2.369278,-3.771813,4.6240306
-0.53479487,-3.4024537,4.538607
11.150916,3.7548378,1.8968107
5.9090466,-21.292152,-0.7906865
0.5014178,-4.2102594,4.9369082
8.614071,6.036381,-2.5751991
-1.4521402,4.6116605,-3.9339705
-2.964372,-2.8827367,4.7014985
3.6084933,-2.9275022,-2.467569
4.772668,-21.52083,-0.66498387
7.9192247,2.2416058,-0.05085187
-2.3455544,7.221909,-8.468154
-3.0857008,-4.763194,3.3031
12.08776,-2.3267322,0.947472
9.465816,-3.0384648,-1.9273603
2.1375067,-14.105142,5.704873
12.262145,-0.10160409,3.9437602
-1.347908,-1.8950111,5.734727
7.6237497,4.8141465,7.5749702
7.0047445,-11.767962,3.1537971
-0.24768835,-1.6269959,6.300592
1.537195,-19.571949,4.9203796
-0.4938893,10.586981,-5.4566445
1.0715072,4.994374,0.4731799
-0.29738808,-3.3755682,4.875326
3.598034,7.6869264,-2.1531558
6.2781463,-5.1473956,4.3980765
4.9616914,-0.589135,-8.127853
-3.155053,-1.6167743,5.157029
-2.0054407,-1.3572283,6.0286584
-2.8709695,-6.501303,3.4311135
-2.7213871,0.9733833,12.380516
7.3837843,2.3864703,0.62986827
-4.204811,7.1793056,-6.7063546
8.561847,-6.841475,3.0402064
-3.6347954,-5.263106,4.6994576
5.7359953,9.7667465,-2.4255886
11.495685,1.3384676,3.7148669
4.087063,1.1616142,0.8341154
5.5297284,9.845366,-1.6295177
10.21935,-15.623786,-4.7457266
-0.49269617,10.544751,-5.4654694
0.7603526,-4.165755,4.0005836
-1.2989572,-0.19349101,-0.7567042
-0.62542033,-11.283898,8.877622
3.1013277,12.506452,-3.9132986
-3.8177953,-0.65048945,18.140419
-4.9258704,-9.061398,-2.057594
1.9410206,-6.2611513,1.875403
8.547539,-5.8282657,-5.3624754
1.0454524,-22.033398,1.1410547
9.730674,-14.323896,-2.2266042
-1.1398638,-22.088673,0.74254113
-10.07756,8.645313,3.7086003
-2.4661827,5.5309258,3.0827005
-4.5766296,0.5583416,13.115864
1.7952693,-1.511091,6.9619493
-7.6107783,7.1942105,0.37103695
9.740119,-13.365097,3.7151759
-2.5809503,-9.830466,-2.1964715
5.884136,0.975982,-2.5486765
0.33295497,-4.53677,-2.7213757
-3.167014,16.099232,0.5067986
-5.0325418,-2.5852633,-0.42613062
-5.255841,0.3719683,13.512665
1.1845858,-20.540693,2.7886143
-3.0388284,15.931132,1.1556034
-2.8610685,15.163775,1.0465955
-1.0945895,6.7723265,-3.029889
7.8653607,-1.2456534,-4.524982
9.720124,-17.725502,3.6951914
6.8033977,-12.047079,-4.6349816
-2.2427099,0.23885591,1.8567419
-12.096348,4.3531194,-4.259423
6.4727573,-13.544811,-1.2793102
-13.340736,1.5156484,-9.866409
8.379417,-4.053332,-2.701604
-3.502622,7.3457117,-2.7655873
6.7019773,-12.881187,-5.585237
-4.5032773,18.893562,1.714456
1.9172446,-16.60892,-1.5134354
-16.919817,6.924168,-13.733216
-13.503152,12.190722,-0.5951704
-7.4171453,4.209982,1.2037089
3.2890651,0.5200371,-2.2528336
-3.0167046,-0.113698825,15.830115
0.5099319,-4.7194405,-2.461833
2.09708,8.419158,6.936242
-8.185011,2.948309,-1.794086
-4.1567597,-3.5040417,-0.056071445
7.4939256,-1.5703827,2.7720015
-1.6558414,-6.2322125,-2.14272
-16.370386,7.2392335,-14.438073
-3.2983928,-12.049683,-1.4809314
11.758155,2.374941,4.6035595
13.797512,-5.767164,0.60280985
5.275583,-22.37961,0.72807914
7.306468,23.698273,2.0160003
2.113527,-14.882114,5.4619694
-9.88391,10.253282,-7.4552608
-5.1331573,10.630636,0.96856874
5.101273,-18.130388,0.09611392
7.609538,-13.6681185,-0.4636576
-5.584752,-8.871641,-2.2272398
-5.72552,12.110682,-4.547346
7.706255,22.777107,3.3685172
2.1297128,-7.606774,0.3233442
3.2607124,-11.980292,5.818054
7.1319847,19.599781,0.5220348
-2.0437126,0.6060117,14.589352
9.231128,-4.722839,-0.5426508
7.653147,-14.549372,0.7993331
7.221113,-9.429709,0.033880875
-3.1854098,1.4026155,-3.7761269
-4.5688057,10.450313,1.6805842
-11.264746,12.102556,-5.639127
-13.381779,10.544925,-1.799073
-4.4888515,2.7113247,11.529796
4.2685027,22.165377,2.034449
-5.5788,12.219493,-4.4438715
5.7385955,4.75187,-2.25361
7.6635456,-5.166337,-1.7453583
-7.962843,9.187345,1.1932052
4.91203,12.829239,-5.222628
7.695467,23.47293,2.5283222
2.4184525,-15.899472,4.7937636
-2.7105396,13.36757,1.529049
4.784526,11.063704,2.891193
-1.7605866,19.834312,2.0564265
7.9012823,20.251383,1.1178817
14.741158,-1.4509844,0.5977144
-3.1432505,13.282148,3.0279317
-3.6675675,10.423696,-2.8680942
7.2788906,-9.006567,0.012552157
-4.477675,10.087765,0.4552489
7.9282265,-3.7568996,4.6461043
6.4609365,7.4336543,-0.10556235
7.182003,-14.362882,0.39725628
-6.2028008,17.808725,0.7686627
1.740173,-15.484864,5.8329964
0.12841181,9.351246,2.9219248
3.0946128,-22.154463,1.1114998
-5.9878316,18.189102,0.3350409
5.7236004,22.086752,1.7294873
3.0183969,-18.86985,3.0489473
5.2216177,13.030404,-3.826356
4.982511,-13.686429,1.191115
3.9307923,16.509676,2.3156269
6.872419,21.441397,1.4980643
12.047357,-2.111266,0.9528386
2.8760457,-19.882687,3.3191
2.910128,-3.2494955,1.7140884
2.397265,-16.595924,-1.559279
3.8268743,15.594614,1.7768676
8.709274,-12.437268,1.6895754
3.7345479,-8.349291,2.0956502
-10.075705,11.143397,-2.7170236
8.645228,-6.7818074,-5.263392
5.969147,-0.77005935,-0.13139963
-2.5987377,21.038776,3.1751564
4.9717903,18.656557,3.0948892
5.073014,11.79636,2.3103263
9.778993,-3.8603058,3.371471
-12.450183,6.6875277,-3.08801
-10.939805,9.798961,-2.9304767
-4.786632,18.369444,4.9661365
-7.341016,11.643406,0.27492556
-1.3486212,19.861881,2.103777
9.667825,1.156079,6.9826045
3.4623613,14.730972,-2.7998385
9.321397,-13.688895,1.2151595
7.907242,18.9511,0.73239857
-1.9689711,14.179577,2.741965
7.5258718,17.662962,2.6651835
5.9958377,13.876624,-5.6546283
6.267431,-13.616129,10.359616
4.468758,16.273577,1.8026882
-8.573384,3.8663702,4.733331
9.640036,-5.5135646,-2.6355302
-7.307149,11.466321,0.3754458
5.2165327,17.87672,1.3173866
3.7138493,-22.609272,2.5863562
7.6567326,21.751062,1.0726818
7.180577,-10.136857,-3.0076277
3.6851625,14.281583,-7.3689947
8.79909,20.299732,0.9327817
-5.8057337,3.3717377,-1.6665846
-2.0900595,-10.630428,6.3800864
11.505469,-5.4767323,-0.36419278
6.291991,-14.371674,-2.4485261
6.261851,18.284111,3.1389036
-3.617244,20.253141,1.3279945
-5.3232555,16.997753,1.94048
-3.6902263,-7.803156,-0.6034687
-2.9112859,19.496042,0.541809
3.0307195,-22.776846,0.5106376
5.0346556,16.456846,2.187643
6.691935,13.797771,-5.718736
-9.884614,11.288509,-2.5070355
8.557328,-13.829883,0.75435174
-6.6667733,17.126055,2.3408375
6.4661913,-3.7026682,1.8472885
-4.5087914,4.5562305,-5.909189
5.7815185,17.257576,1.1822779
11.218071,-3.843481,0.29658696
9.098243,-7.47153,-2.5787337
-0.97179,-18.51389,0.29901722
-2.7464585,9.560396,-2.4575307
5.8817935,-19.131756,-2.0957413
5.2945266,19.28206,2.180781
7.182927,19.072166,2.1266768
-6.161636,16.991537,3.9656692
13.756001,-4.7113957,-0.38851187
9.2971945,-2.1365676,2.0909262
6.788569,10.3987665,-3.6999056
-3.5917528,10.722347,-4.699499
-1.0238944,14.152542,2.6834009
12.161846,-7.216716,-0.15565589
-3.938128,18.36185,5.234138
7.6293507,21.651651,2.6991177
-0.14053132,-6.343951,0.15311007
6.28828,21.894537,0.7834783
6.9787774,-14.190092,-1.4715707
-9.195087,-0.88872695,4.0991745
-10.976194,10.245417,-2.7486959
8.286954,19.458385,0.3707572
4.454709,22.30316,2.0139694
-4.320522,9.46264,0.68963903
4.1185074,-22.617285,-0.6483279
8.720354,-7.3184576,-5.0880256
-3.17202,-2.0304325,18.606104
11.2692995,-7.501779,1.0728261
5.865023,22.143982,2.5587404
6.033268,-15.423851,-2.4923356
2.247829,-9.5270195,1.2285824
1.3883426,4.6561804,-8.807472
1.9486382,-21.08253,-1.8199319
9.750171,-4.1921463,3.0481296
-2.4256098,20.066278,2.2756844
-4.6511855,20.60759,4.365951
2.8545659,-11.008955,-0.14820977
5.223765,9.804762,1.0492753
-2.539006,-1.1850328,-5.3358183
-4.7149453,3.134094,10.901782
3.8775897,15.778547,1.8274328
12.879446,-14.254856,0.2681771
-6.386659,18.912292,2.4881046
8.094137,20.294727,2.5892427
2.6371899,-13.953543,4.4238954
3.5352178,-17.846813,3.2059386
7.997196,23.903503,1.776574
7.191004,22.813417,2.5676455
-3.6256018,17.105938,3.8229485
6.2749586,4.6635485,8.056088
4.641895,-2.4425192,-5.695397
5.6318026,-16.092852,-2.223692
5.4068766,13.637941,-4.6732364
-10.675655,8.735626,-3.0310884
3.0964193,-10.502963,4.523043
-5.0462365,5.757172,0.33962402
9.25514,-4.3549867,2.287853
-4.3304725,2.5579665,9.832566
2.9328458,-19.52645,-0.22020122
-10.655297,11.382775,-0.70122427
-5.592706,16.844023,5.1921916
-10.633942,11.337817,-0.7028452
-7.3482375,4.4802876,-8.752864
5.4507303,-2.9475608,-9.30228
8.331144,19.33249,1.7732332
-19.860834,6.9992905,-6.150196
2.2504287,6.1904664,-11.348733
9.8570595,-19.733995,-3.218554
1.8566469,-22.40593,0.38415465
-4.063411,10.02738,0.15782695
6.100734,-5.0257716,-0.38554332
4.8522315,-5.829489,0.49121463
7.4412994,22.280329,3.0472057
6.7657003,19.326006,1.4467831
3.6487162,6.893044,-8.564205
0.32558897,-13.220217,5.534791
8.30362,22.340326,0.7240077
6.113823,-12.970547,1.6270198
-5.642594,18.266813,3.3041782
6.7005935,21.537886,2.7832828
4.9901376,-16.983938,1.4417417
-5.31616,1.5671088,11.371289
-2.8356104,18.230162,2.7722034
7.9829755,20.862776,0.4631853
8.90986,-12.758805,0.72569984
-6.377952,17.638346,2.1227622
-5.602592,12.051389,-4.633826
7.5729094,20.022692,3.3789065
7.436867,20.451996,2.807593
4.11996,15.047063,-5.060608
-0.4880991,6.428105,1.3154376
6.4456987,-16.608364,1.4350328
-15.32412,7.0906506,-14.0254
-15.3985615,10.537532,-10.062631
-6.7406836,-4.874987,5.0454655
-6.2104263,-3.8273795,3.9149828
-5.1330695,-4.629393,4.092671
4.7424355,16.353296,0.60402566
0.30863863,-17.289244,3.4231915
-7.4257884,10.444856,-3.1228273
8.056541,-9.188356,-2.2900655
9.326888,-1.9064885,7.280552
-4.871155,1.8460767,11.124695
7.1866965,23.546879,1.3078784
10.199807,-12.982621,1.7188376
5.530576,19.801817,3.0631585
12.159559,2.0017767,-2.3891354
-1.1009831,1.2609804,15.421307
6.847397,22.77226,0.3532518
10.115637,-5.6161118,-2.4891124
8.235583,-7.3814926,-2.4129593
1.5609224,-19.43714,4.929836
-1.5759518,-13.027966,2.3634496
6.744361,23.057732,1.690051
5.622643,20.146349,1.5464654
-5.762009,15.886526,1.2733237
9.678537,-11.795275,-3.194465
7.944044,-3.4401653,4.5429015
3.5094037,8.088194,6.7954826
5.3675203,-7.0328603,-1.811417
3.5420763,12.434892,-1.0566239
-4.371827,-12.569371,2.85684
-4.1563473,2.0272985,11.546206
-5.7780247,4.8172355,5.50805
-0.6825545,-18.912003,0.19941446
5.0436144,18.275356,2.8695333
-4.185024,7.4659624,-4.5626245
1.7094752,8.332078,-5.845111
-3.752591,0.8673152,17.385548
-11.859143,5.0240726,-4.6549416
15.124696,-5.932801,0.49296707
6.8541474,19.026985,1.3598087
-16.611631,9.106635,-12.457232
-2.1437683,0.011785158,1.7117965
-8.269563,-0.79362947,3.4654286
6.727155,21.333069,2.7594798
-0.4128382,-8.590732,-0.5688803
6.952218,6.2046795,6.5508566
1.0686696,0.8638871,-9.443467
-3.2490861,-11.404279,1.7939847
-8.699605,-0.7458477,3.554802
9.935293,-19.723497,-3.4237745
-7.943982,-6.639424,-4.898207
6.4377413,-16.262154,-6.2023726
7.56994,0.26023304,3.9273071
7.1788707,18.907417,1.9743391
6.2217083,-13.34538,-7.340917
4.379794,-6.7090106,-4.849459
0.75951606,4.184338,-8.746248
-2.9961953,-0.07112526,14.29548
5.37554,1.0474526,-6.050771
7.5153985,-17.774761,-2.2807682
15.600235,-5.8565106,-0.21851873
3.0204792,-9.132883,8.48745
2.7538097,-12.268924,5.6306705
4.620002,-6.588362,-5.291193
-2.9223473,7.04854,-5.6277375
3.4283829,-17.56155,1.0550627
9.772637,-2.1594975,-0.12757331
9.876541,-8.876846,0.44656888
4.2502875,11.627328,3.7017748
7.05416,-11.568025,3.0713706
-7.9999685,4.667929,1.0852225
-9.179196,6.009168,1.8442461
-13.530349,9.803975,4.306741
-12.872741,10.321997,4.622407
-12.440589,10.058643,4.255361
-13.32215,10.209875,4.9241095
-11.346034,8.119537,2.1971445
-10.98316,8.482007,2.9017792
-1.9189159,-3.549307,-1.7493281
-12.964218,9.920657,5.368652
-10.759763,8.494067,2.6359692
-12.444948,10.592379,3.1410406
-11.758999,9.966647,5.4488792
-6.2037196,3.6428223,8.343843
-6.012249,-3.9866827,5.662027
-5.9388185,3.5362515,8.671067
-12.229949,9.607106,5.1316824
-12.240715,9.927576,5.2545657
-2.9361224,1.3418446,-7.3412495
-12.302947,10.385106,6.0211105
-9.154306,6.0395317,1.7913985
-12.2965145,10.47236,6.192607
-13.261598,9.4188385,4.0839396
2.9928377,13.086102,-5.978268
8.021325,-8.5952635,5.5374947
6.7201962,13.911239,-5.7910595
-2.70551,19.346502,4.930931
11.8822,2.8609815,-3.3478477
3.471688,1.2798445,-0.5633859
8.109443,-8.132097,4.3657784
12.598004,0.3788617,1.9256767
-5.7594852,-0.41851032,18.06982
8.191269,-17.892931,-4.2838345
2.941741,-6.1625195,4.484455
5.7152305,-11.663304,10.341175
5.577686,-8.342446,10.864675
8.985483,-8.243554,9.339759
-5.1272697,3.17121,9.725913
-3.6049774,5.1766777,2.980047
-2.4862065,16.6867,2.8737218
13.46003,-2.7370625,1.4393617
4.1760535,-13.251981,7.0765753
-3.8348832,19.523132,3.6457455
-3.1650867,16.84237,2.6638367
-2.5150235,16.821928,3.2229562
-3.369938,20.529974,3.7622623
7.120633,-11.97809,10.219939
-2.7014956,0.53800243,16.485292
7.212406,-12.384779,-1.1099712
8.680642,-14.550249,3.5472202
3.2700517,8.075738,-2.0153978
4.7675447,-12.932366,3.919233
5.9433904,-10.494819,1.4795358
9.257728,-10.261201,9.907279
-2.596133,18.363304,3.908052
2.225884,15.73376,-4.574676
8.624232,-8.7382965,2.4244561
3.7488883,-5.6315193,1.234017
-2.9257998,-0.46041012,16.968878
6.9528527,22.018806,0.71117043
-5.1162224,16.864933,2.402008
8.419178,-5.5647893,4.03712
6.579495,23.399225,1.9871961
4.0592813,-13.166139,3.6989908
12.240632,-1.3496535,2.5002348
4.4474134,1.5625783,-10.071993
-2.5499053,16.590805,2.9245396
-3.848606,6.339122,3.7502801
-11.856471,9.441028,2.86411
11.3532,-0.31242567,2.1129377
7.9701524,-5.4507494,1.4622895
-8.667869,8.529491,3.9211597
-3.9131117,20.791918,2.9336238
-4.1752496,2.3833838,16.237442
6.8282223,-7.9204173,2.4871004
16.820341,-5.541423,2.5200782
5.1559973,-9.695747,12.30323
8.430075,18.313177,0.5962478
-2.609636,14.224584,2.3232117
10.7278805,-9.199244,-4.635893
7.589548,18.273443,0.41157854
3.966016,-11.041302,9.879704
11.404956,-7.868452,-4.3922343
3.0766485,-5.525267,4.4086785
7.5425844,-5.0297294,4.784842
8.456015,19.041185,0.9052431
-3.2044785,18.719698,3.5808756
7.957034,-14.622685,-2.2134924
11.162051,-0.2271443,2.2197845
4.761286,15.27511,2.856312
12.352903,-0.12785669,3.8271835
-2.6163085,20.229984,3.8005586
2.4454951,-12.54988,9.256662
-3.2780674,18.876595,3.549474
-4.619736,-4.2386565,-0.69759256
4.853096,-23.84016,-1.3455205
8.612829,-11.7068815,-1.7734952
12.36219,-7.060447,-2.4922357
-2.189804,-6.963696,5.171368
-2.0135047,0.7138374,14.830369
0.4049063,-23.264008,1.8016288
2.9397275,-9.339924,0.85146546
12.8681345,-0.9245869,-2.428405
1.6174409,-10.915985,-1.1528137
5.298412,-2.7143176,-2.6993957
4.190927,-10.552448,2.1131036
-1.3961068,-6.4241095,-3.3633556
-2.8296666,1.7604651,16.773699
2.4578836,6.4176397,-2.8631299
10.071732,5.4487123,-1.6106399
6.5351667,12.078517,-4.0457335
-2.9680758,5.7187986,-0.13770805
8.129674,3.3645766,-3.999555
1.7434062,-1.3950226,0.7158702
2.2025034,-2.2221074,3.7337916
8.106396,2.1518776,4.203221
8.56801,-3.054177,0.08164967
-3.619765,-0.18505208,17.901855
4.3753605,-18.405521,0.5082909
6.2172394,-7.3239193,-0.16659902
1.7377872,-1.2095213,-1.771161
-14.857567,10.789406,-2.434395
1.76318,-2.9364886,3.987059
-12.544075,11.88222,-1.1639401
5.5723834,-4.632335,-0.11423209
-3.5048811,0.110697255,12.98986
-11.357562,13.450792,-3.688067
-4.9430404,1.5217208,14.694886
5.5297933,-4.4048686,0.5486396
5.547469,-6.65053,3.4210165
4.932158,-13.267452,-1.4684683
-1.8369045,-6.9238124,5.893811
0.8186955,-6.686653,1.409992
0.79506147,-11.9357815,-0.4791395
2.8145506,-10.206189,2.3267274
2.1633594,5.338314,1.9222273
13.396839,-0.073367536,-2.531174
3.2830296,15.764721,-4.912292
2.0355206,-0.46051934,0.4902221
2.804777,-19.448547,0.11975497
2.9255867,-19.4817,1.5216167
2.8687692,-12.634934,-3.7974277
-4.117211,-0.97790366,18.507011
1.5387678,2.014463,-3.3745925
8.633029,-15.28937,-0.49517143
-3.989625,0.25668404,16.469538
2.5038583,-17.943369,1.4381517
7.4820895,-11.139941,-4.2377906
5.6058235,2.4159133,-1.45577
7.9576883,2.1647503,0.48647317
-2.3274705,2.6290417,-2.48024
-4.124516,16.473467,2.2329626
-7.8503346,10.747644,0.42830384
4.570909,-10.338523,-1.8654485
-4.61773,-8.788053,-2.9916086
4.6308036,-16.620111,-0.9729615
3.8735023,-6.165557,-3.4737706
0.8026354,0.8974677,1.8026083
6.695825,10.845276,-3.6186802
-0.98245984,7.253746,-2.7540905
-11.77477,12.919592,-0.43084675
-4.5536103,2.4647985,14.244387
9.217775,-5.185009,0.018446507
6.387261,-10.026732,3.2874753
-1.847842,-15.304094,0.06995997
13.08645,-0.56995475,-2.5467422
-0.3330949,-1.3064169,2.8515735
1.6532084,-1.6473804,2.360416
0.42179093,-15.469827,1.3785506
2.7551308,-2.0258095,1.7053933
-5.4301987,8.392612,-3.957936
11.201525,-10.626307,-1.6804414
4.8436575,-12.290055,-0.599179
4.4395685,-10.313269,-1.9384868
1.1844245,-12.55912,-2.0196676
-0.7498983,-2.7415216,10.922327
14.70308,-7.4496436,-0.01534681
7.4176188,5.2844806,6.651761
2.9096663,-12.608034,-0.601098
0.7598505,-15.478245,-0.57087094
5.002826,-0.7817389,-2.02985
-0.6272519,8.034653,-2.6224666
-4.2837987,-2.933365,4.17694
-2.363429,-3.1978545,6.545153
2.169441,2.7472694,-1.6737621
7.3173575,-2.0751746,0.30803722
-8.987058,6.5981197,1.439055
6.2819343,-4.2541513,-1.3295758
3.262111,-0.24131793,-0.1937238
-0.6158567,-9.643602,3.3137777
-11.761643,13.099221,-3.9384856
-2.2470202,-10.559954,-1.777499
-4.4827485,-2.0643697,3.2702584
-7.401635,5.7721543,-8.784601
-4.624471,-1.3856082,4.4576364
-3.1903718,-0.14180128,-0.9861474
4.8312984,-14.030711,-4.8337965
8.807218,-3.2346709,-0.9157986
-21.020746,3.2502534,-10.262322
5.1684427,12.128872,2.332152
-3.6205072,-0.0752449,-0.71416783
2.9694657,14.238862,-4.258477
3.3020535,-22.500938,-2.6299043
-6.5404263,-4.285222,4.3185234
2.0665011,-1.5602822,4.5301895
-1.5355358,-5.1864038,2.5785291
4.627961,-13.0287485,-3.916596
-0.5509865,-20.095406,2.518228
6.666834,8.384758,-4.307637
-3.7947366,-18.522297,0.91587013
-5.0857654,-1.7054781,-0.94059616
3.424741,-21.610159,2.6180167
-8.197875,1.8920101,2.330697
-4.6902905,1.7388599,14.617059
-3.792306,16.787176,2.175058
4.657403,-20.765064,2.265311
-4.851266,-5.711677,4.2114377
-3.8893926,-18.554697,0.9107678
-6.63302,0.27362671,17.233204
0.08659338,-7.8269663,1.6366714
-3.9345398,-18.567131,0.9964604
3.5327609,11.442944,-3.4671016
1.1315851,-0.39500874,-3.125799
4.599254,13.274886,-5.01418
-2.9488814,-6.209563,3.0152872
8.374079,4.6584964,-2.1184435
4.2070193,5.903717,-1.6915394
-6.0176864,-6.7288775,6.3808947
-12.542946,6.8892426,-12.570568
-11.446355,-1.013296,1.0176516
-3.3379157,-1.7341679,18.484571
-4.011856,-2.444321,3.019829
-3.9808433,0.04768552,13.360601
-5.591709,-6.02429,4.9505944
3.7079482,12.384048,-4.496754
-3.9030812,17.696867,2.263289
-1.583334,-20.107912,2.251282
-2.1233044,0.45571586,3.078129
4.301228,1.6128949,-0.17327121
-2.6062565,1.2473643,14.088852
-13.352649,6.578754,-12.8928
-7.4727554,8.195783,0.41807958
1.5898029,-19.586134,2.603614
3.265793,12.804707,-4.818616
-6.3260574,0.38273495,6.0455894
-1.1062198,-17.68379,0.33524576
-5.3013787,-1.0363202,16.974298
-0.69007754,0.26597077,-1.8113378
-6.2148223,6.9151745,2.2398126
-6.4566708,0.014461091,18.182222
-10.821333,13.202907,-1.4079254
-8.066928,9.301358,2.1606534
-2.7273808,14.910094,1.8816633
-8.304623,-4.316487,-5.568573
-8.097855,1.9110186,2.3910751
4.682064,12.7588005,-4.4880233
6.681022,-18.774126,-4.205985
-8.822503,4.5728545,2.0954154
-3.4872608,-2.7977788,3.038751
-5.7091594,1.4625708,6.038737
4.068938,-22.517078,-2.5694644
-3.9407887,-7.9363823,-1.3794981
-11.109466,6.350995,-2.6510744
-6.952458,17.070639,1.4170326
4.7530575,2.6619976,-2.7315078
9.766952,-0.3337171,0.23577107
-15.376274,6.771532,-15.311864
3.485389,15.81601,-4.8302803
-5.247163,18.752817,1.0204449
4.200942,-20.337795,1.3187063
-3.5447311,13.865278,2.4696362
-1.966754,-10.501907,5.545231
10.880346,-3.4710052,2.953532
-15.473835,8.396352,-14.171239
4.1113935,22.395563,2.0113778
4.828726,-3.5003195,4.250067
4.488578,-3.575917,-0.49753487
8.267749,-15.845748,-4.506888
10.995925,-3.660754,3.040457
7.6476107,19.178068,-0.58682966
-16.515444,6.0641456,-14.515644
3.0611093,11.389613,-2.6801257
4.5009737,-15.191234,-2.7118297
-2.227538,-11.868722,5.3424244
5.4894996,-21.116697,1.4912089
7.2026625,-7.160006,-2.4155746
3.0727875,-13.662572,-5.2035017
-0.7667536,4.404415,-3.85206
9.542829,-0.78600985,-0.21598166
8.641287,-18.147741,2.5911374
2.9433517,-23.498034,-0.6041321
-1.97875,-16.823149,1.2620811
-0.14105517,-3.8282437,1.0326658
-1.8815999,-15.568487,0.52094555
-1.9824408,-14.464442,3.4419496
-4.485029,-6.0625744,3.3935826
4.661885,1.0095495,-0.15877494
-4.2981906,1.4542569,1.7500764
1.835913,-19.180553,2.0136073
6.9530673,-7.472387,-2.5649858
-1.2219433,-16.523071,-2.2829282
-7.937015,-0.8979061,3.631489
-5.4120836,-7.3619323,1.9059392
0.544911,-19.377558,1.4347336
0.34211117,-3.7989028,1.1136391
1.4953482,5.276971,3.584804
-5.6514053,-7.7292275,0.6692158
-2.3673372,-11.158521,5.6300316
-1.999375,-14.480504,3.4758148
3.2460797,-18.164614,2.5389664
0.9362958,-3.6491816,1.1932777
4.447814,-24.262,-2.936406
0.21128315,-3.2921667,10.8841715
1.2556727,-3.6430714,1.2202549
-1.6818815,-17.156878,1.2335799
-5.6613836,-7.6596384,0.5138657
-7.602294,2.251282,4.678752
4.996034,11.32939,2.6570768
-0.9894358,8.089944,-7.8777747
5.4494014,11.506836,2.2504494
4.3453546,5.1577115,-3.0769656
1.2596954,13.788359,-2.0704448
4.8295426,-15.147305,-0.77084184
3.8041708,4.6495824,-5.09252
5.0267496,0.36590493,9.557721
9.31249,-3.6834855,-4.1170354
3.2721756,13.7639885,-1.9442856
8.362972,20.927448,2.1009545
5.8174424,9.788778,5.166396
5.476533,18.22514,1.4220359
10.65275,-14.754256,-0.81457245
9.294774,-8.770815,-3.774114
12.180893,-4.499447,7.12051
4.832507,-2.8937426,-2.8389034
8.329568,22.754848,2.0766017
-3.6956725,5.9952145,2.434539
4.6116543,10.193554,3.390585
4.538307,-10.494648,4.4519787
7.3556113,4.298017,-3.38903
4.0248947,-1.8813958,-7.1759686
3.623568,-21.343996,-2.1814685
11.896833,-6.9393682,-4.6755676
7.7432604,-0.044480376,-6.55525
4.9631624,3.784833,-8.30729
6.78152,22.571873,1.4418818
12.125869,-5.6136713,-3.1229713
9.246387,-5.602629,0.48095053
3.8558245,-7.1830006,4.6842985
-1.554717,-2.228504,0.20488593
0.27567917,8.526596,-7.5843544
-0.8533906,8.028426,-7.941022
5.7609563,16.724815,2.1712632
-4.6275845,20.201492,4.3186474
10.357289,1.1052105,1.3538679
1.552991,8.503986,-8.696319
-1.8986875,0.4200115,-1.4275498
3.3140693,15.998191,-4.933991
12.528656,-4.244752,-5.394841
8.306544,7.691137,0.784153
5.591101,6.6354995,-7.03963
2.7508628,1.6017616,-4.812974
10.339956,3.6939046,-2.7481127
15.220858,-2.1060147,0.547266
12.454353,-5.0609045,-4.3309665
-1.5218506,3.357465,4.5386186
12.57739,-4.2939672,-5.4412436
7.35203,9.381338,1.6083044
11.573353,-5.5869107,-5.3682103
4.442964,7.1544094,-4.360791
-5.4379797,16.767818,1.7807477
13.701974,-3.411591,-3.6295722
-4.6003065,0.37243983,-9.180119
5.889893,-9.235669,2.3579323
4.0235343,-7.522784,5.0928135
4.2986393,11.295155,4.0231953
8.786287,3.4725597,-4.078852
7.3937116,-7.381195,0.663656
2.897803,11.096331,-5.028116
6.3078856,-16.153059,5.4380803
-2.310902,7.611917,6.378242
7.6150084,10.082144,-3.5616398
7.002194,9.969678,-2.9197268
11.644932,-5.486618,-3.7319913
2.0180092,11.720544,0.8847393
2.0795033,15.1701,1.5247818
13.151823,-5.196705,-3.83983
-2.3575299,7.828729,-7.297314
8.433359,8.298292,1.4401764
4.4210215,-15.749834,4.466059
7.821071,-16.613941,6.76668
12.748077,-1.9437956,-3.265382
4.404976,4.8544827,-2.8927681
6.9289265,18.734356,-0.9188286
13.654469,-4.8821573,-2.8261151
5.818943,-11.557494,-3.1048002
4.545521,-8.982495,0.79853797
8.906708,-5.1058764,-6.8791614
10.97568,-5.802567,-3.0070705
4.436761,9.301595,3.8358843
13.3371,-5.251664,-3.8151937
16.002386,-5.682933,-0.7938744
5.6902833,8.882874,6.54708
-1.9328502,-16.995989,2.1737828
0.23236719,8.814431,-7.42317
4.3697577,7.0368743,-4.513786
4.113991,6.0133443,-1.7525079
8.509218,-14.255278,-0.07371169
6.6263514,7.4518805,-0.05496488
3.8647723,3.780308,-4.3862157
4.934463,-7.9521317,-4.446712
6.0816703,4.2058687,-2.5098686
10.480871,1.102647,1.3063865
14.100591,-3.4641733,-3.7740219
4.284891,-4.85081,1.7054416
12.503781,-6.4413853,-5.084171
5.9281955,9.617791,6.22521
-2.6795673,12.987281,3.3166518
4.111063,-6.628517,-6.009846
7.7053976,-1.000613,-5.162717
-5.3928256,18.01072,2.6087008
13.171983,-2.6176903,-3.447281
0.07503802,8.54401,-6.092503
5.617418,-16.420094,5.124989
2.1464136,0.75735086,-8.576442
-5.6541295,8.2873955,-3.0281115
11.864652,-4.9940004,-4.286618
5.084906,-7.7817965,-2.6712673
-5.1453676,10.428974,-6.943868
2.2470548,-10.36283,7.275675
5.392927,20.080015,3.2772067
16.399668,-6.2285976,-0.70371646
10.913663,-14.862224,-0.93192196
11.5726385,-8.117001,-3.0442712
16.514957,-5.5403895,2.0000129
7.1977906,5.720149,6.527325
5.865105,9.520048,5.8064275
3.5195487,-1.068848,-1.0671433
1.2447854,-16.640024,-2.5784144
14.293479,-3.2285469,-3.7993903
5.5994625,8.626265,6.717628
-0.8253164,9.453615,-7.9253626
7.6944656,9.206737,-3.3184075
2.6865275,7.227271,6.7487054
-3.1849995,13.819657,2.517774
5.650911,-19.452929,-4.7680297
7.4376388,0.1275976,-7.284377
7.5852933,19.166204,-0.13843952
-0.017778073,5.368508,6.514756
-2.0134013,-2.4978967,11.498157
-3.4460838,-2.5398269,11.712107
-4.083335,19.779106,2.1760197
2.52209,5.651675,1.515964
4.229346,16.688503,2.9367201
-12.005324,10.792528,-1.1181426
3.072866,-15.099241,2.9502063
-4.769923,2.2476184,10.740338
3.280415,-22.597496,2.892918
6.270474,18.411247,2.251421
-6.157065,16.592472,4.433925
6.186427,10.007833,-3.9174092
4.5382175,-13.188921,-1.2089427
4.64383,-21.564247,0.58310974
-4.666591,-0.62799037,18.526121
-5.353922,16.58264,2.5950375
-4.6184826,19.518444,3.3447425
7.3404684,-19.388794,3.3469942
6.1332536,19.508106,2.4886205
6.841054,7.478109,0.129273
8.133755,-13.787977,-5.505113
-4.499992,20.75392,3.0334198
11.463502,-11.999742,-1.5083846
0.8030995,-16.400665,5.326273
0.23107235,-6.9873676,0.518975
6.219566,1.9639997,-1.6796085
7.6426735,-5.28009,2.654314
6.6672974,19.884737,1.5617293
-2.5627527,-5.7498674,5.000231
7.9344525,22.508045,1.6461074
-3.3688836,-11.517629,6.467185
-2.2314444,-12.404302,6.375094
-4.547476,21.315083,2.531267
6.492854,-5.873191,3.098202
1.6961476,-16.367756,1.9357378
0.17954908,0.42161947,-1.2297492
-3.9824498,1.8662199,14.720283
3.298691,-21.225529,2.1507754
9.077241,-14.851122,-3.2790964
4.3950653,-19.548326,2.412553
7.2272954,22.13811,2.0518098
6.890797,-0.5049222,3.9289894
6.3201056,18.930725,3.1946526
-3.064948,-5.5436406,-2.8575108
-2.456282,-0.04753866,16.447264
13.086319,-10.215987,2.2513216
-4.205888,19.182884,2.8830185
6.745987,-2.6613798,3.6873665
-2.4342296,-11.158627,-0.51295537
1.3995186,7.797136,0.42789617
-2.3906147,-12.268394,6.647855
8.528407,-14.631152,1.8447435
-4.5076327,21.011246,2.2209027
9.234028,-5.130223,-2.6993427
2.061679,-12.994898,5.4929
3.8769772,-13.26305,3.6754706
7.657503,-16.556837,-1.3762883
7.076686,18.407848,2.6264224
-5.6193833,17.1918,4.073908
-3.9588816,0.5033551,5.791413
1.7897465,-18.725853,0.5758042
-0.8160764,-18.644753,2.6503677
1.3276538,-1.4381369,-0.87844676
7.9523726,21.55587,1.6890262
3.6383424,-20.350489,1.1023469
-4.525779,18.832195,2.5078745
6.8613386,-5.5915623,-3.0954552
-4.4990335,19.903452,2.9596424
-5.3384895,17.807936,4.7992845
0.74879354,-10.7140875,5.276725
4.9972334,8.517395,-9.201118
-2.9081662,19.15064,3.2520876
-1.554422,-11.877301,7.725009
11.939,-9.014577,-1.481385
-14.946648,4.9157224,-4.0289197
-5.244793,0.65824014,18.129223
9.729044,-3.5853689,-2.1486895
2.0740519,-11.851572,7.013629
4.8473797,5.4082828,-5.647429
0.012057029,2.6860774,-4.3963237
-5.3223343,19.835697,2.2138243
-3.0039685,0.79727215,16.185904
3.6253607,-20.248163,-3.4282026
-3.5973573,10.774249,-4.6886835
10.193336,-6.3770237,5.2121816
-5.848081,0.6519182,-0.9823246
0.33439568,-1.2691568,1.4728794
-2.0103958,5.721539,-2.59241
1.7700158,10.255739,-7.8787136
5.3409333,12.572778,-0.83377254
17.79512,-5.64813,2.631308
4.552,13.885147,2.3621836
-14.966299,3.1133332,-4.3176975
-1.7313629,-1.0452104,-1.9245135
-13.798264,-1.4664745,-6.3434134
-8.978045,-2.6485546,0.46233362
0.7016137,-1.118481,-4.5800185
-15.184238,9.352398,-2.9004407
-9.664681,8.789874,2.2611563
3.1294184,-6.9055586,-2.8368406
-16.538982,2.6013174,-8.9541445
-15.267819,8.416812,-1.8874526
12.064086,-10.041999,-0.7106466
16.706741,-5.4677224,5.544296
3.1618989,3.3760226,-2.160923
-15.548714,5.4817357,-9.293176
-4.684708,-4.3218603,-0.72671634
-8.472846,-4.5533867,1.6736296
-0.97643584,-5.653771,-2.9944773
-3.7847905,-0.08693694,-6.0027046
-1.3623878,-0.22898382,-0.71901554
-14.854625,9.904925,-4.937356
6.645679,1.5894215,5.6426873
2.1089165,0.70069075,-8.590968
-14.201396,7.6776886,-9.945761
-2.5227048,3.3273692,-3.3598294
1.1234524,-2.6900396,-6.760002
-6.435749,0.8445383,-3.9182668
-18.903109,7.9891424,-1.6252633
-8.29511,-4.1411834,-3.0894294
-14.228384,13.865023,-4.5082507
-2.3322978,-7.616566,-4.5965304
10.648459,-10.564195,3.5736306
-2.7850947,9.058498,5.0310283
-8.179028,-1.8879349,1.917748
10.847543,-3.7649899,2.0054333
-16.140379,11.207674,-3.7105057
4.563891,2.6064787,-5.453408
-14.634782,7.04152,-12.567393
-14.633051,10.810613,-6.005376
-17.17571,5.1946535,-9.8453865
0.24604017,8.655709,-4.8557725
-8.156841,-4.6381907,2.01869
-4.359979,12.423755,4.3419185
2.9977982,8.53093,-8.503043
-18.099792,2.9796994,-9.561135
-11.583137,-0.3418722,-3.9145215
2.0377362,12.200408,-6.476225
-11.600983,9.460234,-8.693604
-13.140767,8.021444,-11.53225
-13.102665,9.532552,-7.41805
-3.2547073,4.595791,-0.467274
1.0276135,-12.510659,2.889335
13.066086,-10.565885,0.2678874
-19.992552,8.33486,-0.5330807
0.5281815,0.8294428,-4.4278107
-13.388667,2.153942,-4.55615
-7.9415803,-2.0975492,1.994732
-10.877902,0.67995846,-7.284652
12.766814,3.1915367,2.460361
-14.801187,12.598042,-8.329032
11.293523,-4.384698,-4.14094
-14.374074,2.3102088,-6.459257
7.0535035,-11.47756,2.2986062
-12.330881,2.5556312,-6.338863
-19.22103,5.326587,-7.9640017
-19.237875,3.0577965,-7.1946454
-10.764649,1.7063549,-6.102251
-2.0950654,9.231961,-6.0463443
-16.232346,7.090912,-2.77259
-11.922432,11.275682,-7.180757
11.414575,-9.088667,3.9668121
-17.778631,6.4175305,-3.4075627
-5.0251365,5.8835087,-2.134175
-11.593098,1.7364284,-6.1215105
-14.902333,11.777364,-5.056833
-12.128819,0.30477276,-7.51885
13.398368,-2.6787412,-0.7764535
5.1852612,-2.8977795,6.439164
-16.975393,9.352104,-4.2226458
-10.853056,-1.0574939,-4.637215
-14.521766,10.897127,-4.5241346
-14.35482,12.085043,-5.903398
-5.0045743,-4.2048697,0.7631356
14.836246,-5.6316085,3.0381038
5.275223,-7.6501665,-0.81163627
2.5858707,-7.631446,-0.8873689
-18.634392,11.336499,-1.3637506
1.2356186,-1.801975,-5.026377
-12.008915,7.7075357,-5.6936793
-3.8854477,3.5936482,0.5907783
3.1330304,-5.9525676,-6.6385975
-13.308052,13.007493,-1.6776096
-5.447268,7.4310985,5.0263543
-13.78403,8.000285,-6.743494
-9.676788,-1.5493761,-2.9068034
11.670309,-8.936692,3.5664136
-7.193481,3.9898567,-0.9855911
11.786982,-8.825074,2.8838758
-13.60383,1.1178049,-7.7648907
2.909339,-6.010784,-1.236819
-13.672867,4.904722,-3.615401
8.207881,5.7226977,-2.048645
-12.480902,10.867528,-7.182635
1.3803197,0.8323289,-7.0664735
-2.075095,0.55328196,-5.4060655
-0.1183443,-1.029697,-6.834148
-17.252018,6.032215,-7.6040735
-7.3741903,7.73589,-1.082871
-14.312153,7.0379453,-11.970842
-11.089672,0.7855881,-4.2144938
3.7582953,1.8813717,-6.807249
-7.036583,12.754862,0.029189197
1.6891667,3.7499208,-6.39103
-7.243571,1.351211,0.95969486
-14.204058,8.388636,-7.0978246
-13.396294,1.1323781,-6.7813754
-16.985138,10.018397,-4.35041
-16.436869,11.874654,-5.892518
-13.425544,7.342748,-5.0783463
-14.278791,-1.76326,-5.2941337
7.819919,-3.3533323,0.5678743
-14.025847,6.8310156,-11.46818
-14.560252,8.36754,-7.6273394
-17.762062,3.798811,-11.927161
-13.952107,2.1390584,-5.8665233
-15.974167,6.623004,-2.7367284
-6.044968,8.052771,-1.434642
7.0476623,-12.335033,-4.8860507
4.368639,2.9322598,-5.125632
-11.393943,8.712793,-9.307232
-20.086159,6.7923493,0.06473611
-1.475008,3.8868072,-3.9280767
-0.22305523,9.957392,-7.526677
-5.6971707,5.4551034,-0.31180084
-17.660774,8.0549755,-9.069973
-7.6519136,10.786571,-3.8254035
-14.509744,13.513518,-7.002151
-14.41769,2.2951903,-10.277043
-13.378819,9.044469,-7.2240615
-20.425013,7.1742535,0.44964644
-3.1910863,5.505294,-5.8457317
7.9002075,-2.725418,-2.9121833
-11.112692,3.7835586,-3.663597
-12.782445,3.7964494,-8.448307
-9.587038,-4.1432586,0.41266736
-5.69022,4.407581,-0.9001175
9.109076,0.702504,3.9039936
-14.850424,1.2563055,-7.9250517
-20.348175,7.1866555,-0.04244709
6.927476,-3.8013828,-6.0939083
2.3082805,-2.9009314,-5.683636
6.173976,-5.817016,1.5346076
5.5064144,4.3924932,-4.720753
3.6972764,2.408483,3.215678
-2.1943922,9.8113165,1.8162366
5.532787,-2.990332,6.525251
-7.56173,-2.2082086,-7.0460005
-0.9101785,-6.1017003,-4.1695633
1.4901642,7.218029,-5.947173
-10.602629,-1.7613869,-6.722082
-11.681368,13.82483,-6.0912375
1.4910333,-6.435827,-5.2323117
-0.8116067,2.6812775,-7.929794
8.407576,-1.764395,-3.3078594
-19.971497,7.786358,0.0701005
4.6046896,8.571145,-8.756499
-8.359814,-2.2234232,-6.7691483
0.111258596,3.183253,-9.101741
-13.618113,1.5500793,-8.022713
1.2644732,2.6096714,-6.229165
8.277645,1.2180684,7.086189
-13.516788,2.062508,-3.3557832
0.044162154,10.441087,-0.3579516
-20.782146,3.318614,-10.315653
-16.65972,6.8918753,-6.498619
-12.191567,4.6173406,-9.139152
9.804352,5.2605524,-1.2279392
-16.630236,7.0603213,-6.4862704
16.248709,-5.301153,4.50259
1.413194,-7.974737,-2.7787142
-7.6959033,10.954776,-2.1541524
4.484062,-24.371395,-3.0159953
-9.316994,-2.3595357,0.16571984
-3.6867943,-5.552571,1.2358063
-7.8765607,4.5654387,-8.180565
-14.240864,7.9247465,-10.650506
-17.606007,6.571608,-7.2023273
-11.748278,-1.0389144,-6.2803373
-11.735824,-0.1977327,-4.031362
-9.690511,-2.1678383,-5.4050655
-17.8734,7.9178367,-5.9900537
2.0384388,-8.170391,-4.8848896
4.557864,1.4464285,-9.993123
-4.860798,8.804603,-4.1493316
12.423946,3.1861718,2.3577123
3.2644033,-2.498296,-6.121881
2.3067994,-7.3596177,-2.2195542
11.047683,-3.7228096,0.768129
-19.894348,7.5694613,-8.970062
-1.623685,-5.1365457,-3.9605968
-7.0461354,7.3267007,-2.2759678
3.150177,3.4783452,0.21448807
-13.574044,12.647177,-5.7051554
-16.158611,5.50699,-8.076523
-5.8716435,15.430001,0.47462907
14.831216,-6.0542617,3.6754105
-11.97732,5.307784,-9.252383
-14.217353,3.9006917,-4.53454
-3.6763153,15.255792,-0.37488797
-4.9192915,-2.372553,-0.20435126
-5.5225444,5.1221304,-4.4467893
-19.164408,5.9054084,-0.43430585
-9.497219,-1.9167167,-6.279727
9.45727,0.1596154,4.719624
-16.864908,8.423083,-12.375957
-15.481926,6.000012,-1.9728466
-14.673438,9.276779,-8.828404
10.645641,-8.105245,2.244118
-3.488244,-1.9763684,0.9630907
-19.307285,6.257689,-7.0228786
-18.102362,6.1808777,-6.0924435
-7.909625,5.7600083,-2.9823842
-16.335062,6.1498294,-12.532813
-17.556358,6.159553,-9.435359
-13.421788,1.5363979,-9.7127495
2.3545015,-4.775277,-6.7046614
-20.514727,6.2534227,-8.197634
11.994883,-12.485659,-1.9911883
-16.392029,7.082753,-7.4531217
-17.28461,7.0108104,-9.177664
-8.196381,-0.96692866,-4.754191
-5.648176,2.9325752,1.2051036
-6.394035,3.0628119,-5.6915884
-3.4099212,7.4285765,4.530257
1.0154384,1.8220522,-6.8056054
10.929308,-9.00929,3.9285893
3.350493,-5.4784336,-3.2405956
-12.721668,-0.6696821,-9.525349
9.426884,0.64738303,3.8015978
0.40553844,-7.458614,2.705009
9.633555,1.0799373,2.7521303
-17.098467,5.4038677,-13.350333
-12.009781,1.5653756,-6.6203184
-4.7818894,-1.5002842,-1.4854287
-15.945249,5.353785,-8.198149
-18.684105,4.8763604,-10.771495
-10.569582,-0.13208194,-6.7865586
-17.279411,8.739763,-0.4530586
-5.9545383,4.8031135,6.161654
-13.283678,13.979967,-2.374095
-11.482461,0.071393974,-3.9408004
-19.020376,6.668585,-8.83733
-4.2545285,0.8220536,-6.18541
-15.526374,6.0005455,-7.591669
11.2651615,-11.223453,-1.2971855
-16.653515,9.9534235,-8.427291
-13.334178,3.892546,-8.6400795
-11.856686,9.937179,-6.8636413
-18.762667,6.461503,-6.8868713
-8.93602,-0.58345443,-0.6193854
-2.9871955,-2.6536925,-6.054515
-7.574786,3.4306006,-1.1037426
8.32205,-8.637913,-5.9342737
-6.898401,-4.790174,-2.7832198
-15.599683,9.873209,-4.9251423
-7.975185,10.100268,-4.5464387
-2.962009,7.9537916,5.4772305
-11.946661,12.377647,-6.583094
-16.242943,8.067051,-8.660709
5.6743107,-2.4785142,6.5208416
-7.9201403,5.797723,-2.9831042
-4.9465127,16.023096,-0.54729164
0.990656,-1.3247303,-5.04079
-3.0578067,-2.5943115,-6.0968843
-13.296507,-0.26685968,-8.975218
-11.351932,1.8793222,-7.7998695
-15.329626,10.865743,-3.0513484
-14.737793,8.465889,-6.3784723
-2.737119,2.026556,-5.69024
-19.436077,7.227053,-3.3226547
3.4349558,2.6925817,-7.3381305
-2.0989785,0.63209045,-5.426425
-14.586585,9.536742,-11.498528
-16.71062,7.373794,-3.4653995
6.206883,-4.0328774,7.2997737
2.8268664,-5.1256847,-4.8403625
-0.5079686,-1.0711112,-7.7337246
-2.6007829,2.618716,-4.484318
-17.54198,8.754203,-0.13071626
3.1970322,4.503629,-1.3860699
-11.861487,12.266989,-6.26766
-16.560703,6.567622,-12.749188
-14.811886,10.024501,-5.024028
3.6975799,11.522147,-0.7764474
0.32668757,7.1598444,-6.0037565
-17.217974,3.052474,-11.352888
1.1522655,11.136616,-3.9443889
3.81815,-4.709051,7.750907
-10.2277355,-1.9557095,-7.2607856
-11.063599,-0.47665083,-6.2199845
-16.494476,6.7132564,-2.5993962
11.8512745,-5.2029843,2.1769333
-15.092218,9.412724,-3.0139322
-19.005713,6.7928624,-1.6104182
-1.5239173,1.6809353,-6.4408617
-14.313547,10.099677,-4.470396
-13.343631,9.414801,-6.531955
-5.0615683,16.838219,0.3381713
-14.037401,7.461324,-9.57445
15.97511,-6.216036,4.699819
-19.991175,6.19339,-0.7293516
8.769673,0.67792094,2.4545062
14.763416,-5.3851686,3.0666306
-19.075884,5.7467675,-7.5370216
16.680546,-5.185298,5.054243
5.580063,-4.674443,-1.7225407
3.8844297,7.733469,-8.532111
-18.825684,11.577278,-0.9645293
12.71094,-10.375834,-0.010143973
-16.334953,5.4487348,-2.8240788
-11.108008,5.0271425,-9.688124
1.6354164,-10.034098,2.3288522
-12.457845,0.9915926,-3.7663867
-13.506549,2.3036838,-5.304132
6.44029,5.203045,-1.9553907
-13.97812,-1.2084718,-8.808095
-19.19771,5.207107,-8.007794
-13.654085,9.809167,-6.904795
-12.707036,8.731605,-5.598776
-12.890561,-1.1173463,-4.303049
12.262084,-10.420668,-0.30118042
0.5647561,-2.3553998,-4.6068363
1.1945353,4.230102,-8.648001
-12.573124,3.5189004,-7.944918
-16.213163,6.461668,-13.632172
-13.496494,12.829835,-6.8397384
-7.485497,9.707273,-1.4502828
-19.806602,7.021104,-1.6470858
-14.238309,9.220025,-7.150354
-17.800312,7.693037,-3.3359072
-18.636436,3.3140519,-8.016932
-9.023197,-1.0078168,-4.721763
2.5076628,-1.102777,8.59358
-14.354605,0.549969,-8.866115
-16.66171,4.067001,-7.798506
-9.602753,-2.1424408,0.23333433
-1.0817238,-14.088536,-0.39089182
-7.208516,9.568927,-3.5423846
-9.107952,4.455371,-7.608666
-12.166995,3.0756614,-7.7585626
-15.240424,0.68428594,-8.283468
13.174938,-2.7102268,-0.5903484
12.723649,-5.6993656,1.9079185
-11.326605,11.110716,-6.221854
-8.422632,-3.7679656,-5.6166253
-4.231251,12.515466,4.392912
-4.6965103,0.068278775,-8.314285
-11.357242,7.035544,-9.192366
-14.215977,8.473766,-3.4574828
-13.870358,3.7406752,-6.137322
-16.501976,9.81254,-8.22452
-17.758564,3.8103282,-12.2625675
2.004843,2.8410802,-9.064884
-8.924543,-0.5762935,-0.6230617
-2.8196254,8.492513,-4.746193
-17.57595,7.300114,-7.552444
-6.992296,-3.1881993,0.3725263
-5.340234,7.4937267,5.0006366
-3.099243,7.7603245,5.4311757
8.584643,-7.7285466,-5.2269664
-9.104477,2.6466048,-11.360328
-13.938443,2.1881168,-7.948937
-12.170941,11.314213,-6.072555
-18.840971,8.015825,-6.2540665
-11.004002,1.4519349,-4.976065
3.6688876,8.166585,6.8482094
3.7442732,-18.588476,-1.1425914
-1.7058065,1.580112,-4.54212
-12.130049,3.5955517,-7.2094903
-2.51749,-0.06623285,-6.385976
-18.426832,4.255775,-11.357908
2.8816385,-6.1688724,-1.1475992
1.4096658,5.3071256,-7.258788
-18.652065,6.4878526,-10.340615
-2.079407,-7.0015907,-4.608113
-19.679958,6.8735266,-1.5998905
-15.7841425,7.355159,-5.160417
-19.222925,9.567276,-1.6595443
15.847983,-5.450581,4.0446863
8.148708,-19.9632,-1.8252485
-15.760217,1.5241718,-5.380936
2.2091105,-2.2919078,-5.8689017
-13.927047,4.894463,-6.3410387
-0.3518171,-14.098851,3.1306064
-5.8244205,6.057639,-3.0086312
-15.355933,2.646182,-8.406654
-15.35264,2.4586458,-11.851351
-7.2943783,1.0815545,1.1309052
-2.7917466,-10.826371,2.110928
-4.3085847,9.978791,5.853688
-13.726371,0.3982925,-4.916096
-9.64973,-2.7487614,-5.320829
-16.163685,7.8669863,-3.4202664
-15.228672,7.033878,-3.7772002
-15.12592,0.064283215,-8.025045
-0.35026625,-0.40647283,-6.783875
-3.8550858,6.869147,-6.2269797
1.4762337,-3.040533,-6.4768786
6.894805,-11.584975,-4.509125
-13.221719,7.7784567,-7.8046083
-0.40367556,-1.1061145,-7.58194
2.9223742,-5.3862886,-6.742383
5.886483,-11.686652,-0.25681078
0.36496714,-5.9882703,-4.4184103
-7.881507,8.350833,0.4146924
-2.6030207,-5.4534926,-2.5769975
-8.4667425,6.789187,-0.6172953
4.667546,5.82728,-5.677302
-10.16671,-0.87934417,-4.833938
-13.128439,14.317527,-2.3141916
13.346598,3.052825,2.2501705
-18.13134,3.6412797,-7.834748
-13.741292,4.8629665,-4.13546
-3.178844,6.0182495,-5.75379
-4.586307,7.2089133,-6.1531954
-17.543184,4.517245,-12.860576
-17.073387,3.6090705,-12.13977
-15.93502,9.82013,-5.022651
1.2406826,6.060234,-6.555571
-13.733271,11.778442,-3.3365035
-17.698492,6.836024,-1.4451005
-18.732853,3.8087275,-8.302665
-12.654027,11.073189,-7.335628
-18.766472,7.6550207,-1.7314901
-5.9216275,-1.573769,-7.311246
-17.587702,4.7335505,-9.918843
-0.5764596,8.171658,-2.5706718
-7.627015,10.609631,-4.092138
-5.9263344,4.3756523,0.30859715
1.7736695,3.6801343,1.4590861
-14.609149,4.210296,-4.18059
2.5972466,3.6356504,-2.9341135
-18.372429,5.7334228,-6.9110785
-0.9047374,2.4629307,-7.678953
-14.901038,5.254043,-6.711403
-14.631887,9.589274,-11.5236025
-9.082593,-0.75850034,-7.154824
-0.50204986,-1.4068773,-5.243532
-18.747475,7.8828807,-7.5306134
-15.972891,2.6599076,-8.563536
3.1136315,-4.3154407,-5.618613
-16.949594,8.087559,-12.422573
0.84953475,2.4634268,-6.225483
-17.128044,3.2370322,-7.6770797
0.61296856,-2.6432643,-7.333756
-6.065509,3.0543957,-5.7007685
-3.008292,-3.1670477,3.4403598
-13.487695,7.1473455,-11.348129
-18.704361,6.9132833,-8.150816
12.996029,-3.1197124,-0.1091813
4.5963387,8.835476,-8.620274
-11.683903,12.243149,-7.7891483
10.566628,-10.58652,3.4913619
-0.022937248,8.051428,-5.483523
-11.706495,13.819724,-6.097284
8.310023,-8.6887665,-6.050556
1.7509408,-9.925714,2.3392763
-10.308938,-0.9234911,-4.8555503
-14.923245,7.8669224,-6.780215
-1.8717185,9.6671095,1.8040185
-9.105888,-4.739998,1.2161385
-11.976614,1.4032716,-6.66252
2.1317718,0.7768126,-8.667515
-17.133856,6.664797,-7.889075
-18.208183,5.7354136,-8.278829
-20.523731,7.266395,0.5229859
-13.419363,2.9100664,-6.2890334
1.9079819,-1.2139972,-4.3964396
-3.1781785,4.0690274,-7.835424
-12.704773,1.6069604,-5.5290656
-2.5869625,-9.640505,-2.372296
-9.35051,-2.2436955,-6.0158997
-17.812532,8.644284,-0.33359092
-20.6903,6.1031146,-8.215639
-14.010985,-1.2220963,-7.259953
-11.461932,6.367413,-9.168816
-1.0114115,1.1959496,-6.4740434
-3.098508,3.3784854,-7.4966083
-15.831047,8.599066,-4.0604873
2.6222475,3.314976,-7.081638
-12.871465,8.568273,-6.8574133
-12.392454,11.022445,-6.2246575
0.48771715,0.33267754,-5.128981
2.2510386,6.194441,-11.355612
-14.258259,13.0928755,-1.740551
-13.867849,11.774069,-4.523532
-18.650536,6.549666,-8.267926
-11.627977,12.5845,0.19966723
-0.36357653,2.7360868,-5.7597055
5.1641655,-4.4717793,3.0614727
-2.5208395,2.7985876,-5.8521867
-5.171573,8.530937,0.91144025
-9.614047,8.607074,2.123986
-14.475232,12.367369,-4.3203144
-18.851055,7.1975765,-2.6281128
-16.20386,6.214897,-12.676602
-14.204124,13.448848,-4.914577
1.5235597,7.248079,-5.732154
4.3750362,-9.985356,-1.3745941
-13.646149,6.761895,-7.024465
8.183172,-8.703404,-2.4288714
-13.192989,4.1303205,-5.645567
-4.663184,12.793479,4.887173
-15.394918,6.034102,-14.200231
-15.620953,6.487405,-6.3389425
-17.906134,5.027258,-13.159709
-2.8112128,9.614768,5.0076385
0.12444027,-7.9362965,-3.7427409
-18.080502,2.9990144,-9.573531
-3.4861941,3.2343466,-8.018298
-18.133419,4.0924597,-8.397378
-18.487385,8.253407,-7.795395
11.713189,-12.021385,-0.41050228
-14.00682,13.509723,-5.430322
-15.029455,11.8061285,-7.5504937
-13.215181,10.02836,-6.161562
1.9463857,-2.2053714,-1.9647148
-2.1395965,-3.960624,-2.597064
-10.820453,0.47401974,-7.2113132
-15.916154,9.972295,-6.8300233
-2.1007578,-7.2438817,-3.9262166
-19.314722,5.966924,-0.45227227
-15.682454,8.649266,-7.7925158
-15.191355,6.947624,-3.580859
5.576554,6.5078554,-6.806238
-15.269997,9.700426,-7.2043204
-16.318676,12.156024,-5.336623
-14.953326,12.058193,-7.792368
-2.895256,6.0400996,-0.12185853
-13.763818,7.7650228,-5.705257
-2.2737556,-4.297735,-3.061043
-13.858271,4.098617,-6.018806
-14.647395,2.9054105,-3.9325511
0.71952075,3.8383965,-9.271253
-14.706877,6.7175803,-12.95574
-4.405849,9.995776,5.917402
-12.741249,3.052516,-6.2730966
-19.660574,7.7670445,-9.00294
-4.59349,1.1956041,-6.743845
-15.363209,2.6076431,-6.399875
-16.468401,4.8218665,-9.838538
12.0289955,-10.17929,4.045486
-19.966082,6.0549903,-7.395523
-4.176754,6.5649056,-7.1375313
1.060617,-12.523873,2.8902762
-2.6121213,0.6194771,-7.3927717
-8.178429,5.068797,0.5813361
-16.607563,10.766176,-4.0867777
16.604866,-5.0490274,4.639591
-19.485184,9.428403,-2.6664658
0.59703875,0.16050835,-5.1306214
-17.338514,4.9162173,-13.178163
-11.766986,-2.037985,-6.529235
-14.570316,11.359923,-6.8753996
-12.92009,6.060934,-10.427938
-10.790177,-0.9513927,-6.835347
-14.38317,6.157564,-6.8038335
-8.119291,4.577823,-7.9544163
-14.504394,8.765839,-11.63477
1.9109539,5.187742,-8.990386
-3.1500783,1.6604592,-5.1865325
-4.6821175,8.493389,0.24127936
-17.831758,5.6331096,-9.574859
-17.877422,8.569536,-7.8219595
-5.969663,4.7705045,-0.49195218
-17.790373,6.998088,-8.752197
-3.0548592,7.2942734,-7.30781
-4.8052006,12.887905,5.1644945
2.896756,3.2103977,-7.300358
-15.013582,12.671909,-3.6929631
-14.786433,8.791485,-5.4886518
-2.50203,1.6056204,-4.530588
-9.631845,8.813286,1.2032686
-18.683487,8.355789,-0.6788024
-9.975663,-1.4189175,-5.5847425
-14.301714,2.223544,-8.331301
-12.32301,5.6129327,-9.048604
-15.292932,11.81875,-5.7714157
-3.4851127,4.602334,-5.293692
-14.989074,1.8617351,-5.7264757
-7.394041,7.308189,-0.8513971
-4.304754,-0.032406252,-7.5565243
-3.8601985,5.4694386,4.7978096
-3.451191,-1.2724631,-1.1379155
-2.5230498,1.5980685,-6.690575
-20.8022,3.3013198,-10.341049
-18.612001,11.325093,-1.4356458
-15.981914,3.9595196,-5.573989
-2.8342936,-0.024275074,-6.37113
2.3310406,-3.9605784,-6.0274906
1.0203862,-0.7280891,-4.5422254
10.170948,-2.3414853,1.6177177
-18.884708,5.225467,-11.156868
8.98179,-7.430324,0.26316905
-13.467847,7.46835,-5.2951913
-19.63804,9.123082,-2.7416518
-4.131513,6.7736554,-2.9461486
3.4351304,-4.941936,6.6894665
-4.8644457,-1.2671523,17.769356
1.4407421,-22.311352,0.5041401
-3.9212227,2.805959,15.053578
0.5024624,0.86534655,0.040201187
16.65432,-6.423563,-0.77707845
1.8515115,-2.2430232,0.08833417
-0.28981733,10.993609,1.941154
-5.605066,18.66095,1.8150336
10.031464,-9.974137,1.937674
6.2338495,-15.18096,2.5596817
0.12509896,-15.853061,1.4191753
3.3130424,14.667421,-5.4508433
-4.1366887,1.4142811,4.898171
3.4650419,4.020324,-1.7595179
14.575365,-1.2904828,0.6599838
-5.402958,0.07972801,17.936674
1.1973932,13.182485,-1.886866
-0.28231668,10.168965,1.3445847
6.4153,-13.256408,-6.2611394
-1.7146741,13.732513,4.224814
2.7694397,6.032409,-3.0684106
0.02197672,1.3684456,0.35669383
-4.0659747,0.2707927,17.436481
4.9552293,-9.1533575,-3.97958
7.7262826,-4.19762,0.74285614
-8.371425,3.3156855,0.047224324
2.726811,15.108432,-4.141806
-0.09199166,-17.539396,1.8372968
-1.7522196,12.71225,3.0395856
2.236422,-11.962813,-0.44541144
1.352333,4.773054,0.97970974
0.18614778,-11.462464,-0.6113834
11.492191,1.7384787,0.4896574
-3.7612207,-5.0124884,6.0610156
4.2674904,-13.0120325,-1.0043763
3.0008895,-6.2241297,2.0712624
6.0722733,-14.643682,2.4739769
6.118632,12.33888,-3.7590878
6.3497066,0.62137926,2.0644498
11.59805,-7.2189217,4.7578073
-6.7761273,11.680403,1.9710563
1.2005687,-13.231696,-0.089191966
1.2265956,-20.232904,-1.0346481
0.16118078,9.7884,2.7045217
-6.1983767,19.273535,3.6673295
0.5005701,-19.01926,-0.46988603
2.7981107,-12.661621,-3.885949
-3.8702333,16.706964,3.3956954
1.6930096,-18.550404,0.3355145
8.584749,-11.261028,1.1161565
-9.268554,2.8162746,-11.2761545
-2.5927563,-7.7077947,-1.7132617
3.9475136,13.517137,-6.218015
-3.6804678,-1.0490017,17.574795
0.43945444,-16.687727,1.4744732
3.114991,-11.607066,1.7571676
0.18112558,1.4328246,13.27423
